,t,Ba,Zr,S,x,y,nBa,nZr,nS,Baat,Zrat,Sat,BZ,Ba/BZ,Baerr,Zrerr,Serr,BZerr
3,60.4,47.6,24.89,27.51,45,2,0.3466179265548654,0.27284486538630187,0.8579447996257603,23.461225496157425,18.467812602541496,58.070961901301075,1.270384641705144,0.5595459986687707,0.7038367648847227,0.5540343780762449,1.742128857039032,0.01045616930567321
4,90.3,45.39,26.58,28.04,44,2,0.3305249513933895,0.2913706919231781,0.874473725245595,22.08846013140363,19.471842851417865,58.4396970171785,1.134379539725755,0.5314797666545803,0.6626538039421088,0.5841552855425359,1.753190910515355,0.01056455817918454
5,117.3,46.96,24.81,28.23,43,2,0.3419575174583294,0.2719679031833728,0.8803991891470452,22.883750640141834,18.200055155473944,58.91619420438423,1.2573451258612915,0.5570017235984466,0.6865125192042549,0.5460016546642182,1.767485826131527,0.010468749985373525
6,148.8,46.79,24.95,28.25,42,2,0.340719596292062,0.2735025870384986,0.881022922189303,22.78687253576405,18.29148853447728,58.92163892975867,1.2457637054968766,0.5547171781464206,0.6836061760729215,0.5487446560343184,1.7676491678927602,0.010479578346054423
7,176.4,46.1,25.68,28.22,41,2,0.33569509273485915,0.28150486714022627,0.8800873226259162,22.420219329862274,18.800992329943064,58.77878834019465,1.1925019135375696,0.543900055992875,0.6726065798958681,0.5640297698982919,1.7633636502058394,0.010524836913636234
8,204.7,46.16,25.62,28.22,40,2,0.33613200608765936,0.28084714548802947,0.8800873226259162,22.45271081011421,18.759831331992594,58.78745785789321,1.1968503561022887,0.544802859592937,0.6735813243034262,0.5627949399597778,1.763623735736796,0.010521439351330616
9,228.8,45.63,26.58,27.79,39,2,0.33227260480459053,0.2913706919231781,0.866677062217371,22.29538117829751,19.55087643903708,58.15374238266542,1.1403775809139942,0.5327927142775551,0.6688614353489253,0.5865262931711124,1.7446122714799626,0.010560977967398669
10,259.8,45.94,26.17,27.89,38,2,0.3345299904607251,0.28687626063316674,0.8697957274286606,22.43358011046696,19.237921137778862,58.328498751754175,1.166112489483729,0.5383434586823606,0.6730074033140088,0.5771376341333658,1.7498549625526252,0.01054422553094032
11,271.1,45.64,26.44,27.93,37,2,0.3323454236967239,0.28983600806805226,0.8710431935131764,22.256894111618355,19.410074222028147,58.3330316663535,1.1466671305336589,0.5341615913449044,0.6677068233485506,0.5823022266608444,1.749990949990605,0.010557089493296931
12,286.2,45.6,26.64,27.77,36,2,0.3320541481281904,0.2920284135753749,0.8660533291751131,22.283481000675064,19.597435063669025,58.119083935655915,1.1370610964281547,0.5320676598009378,0.6685044300202518,0.5879230519100708,1.7435725180696775,0.010562973166956861
13,287.2,45.85,26.53,27.62,35,2,0.33387462043152477,0.29082259054634746,0.8613753313581788,22.466912678884857,19.56987847236482,57.96320884875033,1.1480353703070267,0.5344583176686396,0.6740073803665456,0.5870963541709446,1.7388962654625097,0.010556225635084352
14,286.1,44.62,27.59,27.79,34,2,0.3249178966991196,0.3024423397351574,0.866677062217371,21.747642913088875,20.243292453816796,58.00906463309433,1.0743135269474624,0.5179128000618164,0.6524292873926663,0.6072987736145039,1.7402719389928298,0.010592988424250827
15,280.2,44.31,27.52,28.17,33,2,0.322660511042985,0.3016749978075945,0.8785279900202715,21.46971506629911,20.07334651711566,58.45693841658524,1.0695633161113831,0.5168062787859251,0.6440914519889732,0.6022003955134697,1.753708152497557,0.01059461833646974
16,283.7,44.07,27.88,28.05,32,2,0.320912857631784,0.3056213277207752,0.8747855917667239,21.375383347546933,20.356844183269086,58.267772469183974,1.0500342368938975,0.512203268607286,0.641261500426408,0.6107053254980725,1.748033174075519,0.01060028358726982
17,279.9,44.36,27.45,28.2,31,2,0.32302460550365186,0.30090765588003154,0.8794635895836582,21.48633078212938,20.015197972404685,58.498471245465936,1.0735007873393494,0.5177238387822517,0.6445899234638813,0.6004559391721406,1.754954137363978,0.010593274121335958
18,273.0,44.36,27.71,27.93,30,2,0.32302460550365186,0.303757783039551,0.8710431935131764,21.56623637447614,20.279916879408546,58.15384674611531,1.0634282429615711,0.5153696265372754,0.6469870912342842,0.6083975063822563,1.7446154023834592,0.010596579522020417
19,279.8,43.11,28.9,27.99,29,2,0.31392224398698,0.31680259580812065,0.8729143926399501,20.877497554955543,21.069056258599904,58.05344618644456,0.9909080548604937,0.4977166335940754,0.6263249266486662,0.632071687757997,1.7416033855933368,0.010606380516604175
20,276.6,43.65,28.03,28.31,28,2,0.3178544641621822,0.3072656318512672,0.8828941213160767,21.07768351979176,20.375512930865465,58.546803549342776,1.034461492641131,0.5084694384154682,0.6323305055937527,0.611265387925964,1.7564041064802833,0.0106035584127848
21,277.7,43.1,28.73,28.17,27,2,0.31384942509484665,0.3149390511268964,0.8785279900202715,20.821733997063294,20.894023131857022,58.28424287107967,0.9965402003081202,0.4991335512073972,0.6246520199118988,0.6268206939557106,1.74852728613239,0.010606569866872856
22,273.7,42.8,28.41,28.79,26,2,0.31166485833084534,0.3114312023151802,0.8978637143302667,20.49132813757046,20.47596573157463,59.032706130854905,1.000750265271842,0.5001874959820986,0.6147398441271138,0.6142789719472388,1.770981183925647,0.01060660022630877
23,278.3,41.7,29.63,28.66,25,2,0.30365478019617415,0.32480487590984825,0.8938094495555903,19.947509876330237,21.336889430511086,58.71560069315868,0.9348836877696859,0.4831730680655609,0.598425296289907,0.6401066829153326,1.7614680207947602,0.01059458886574278
24,278.7,41.77,29.62,28.61,24,2,0.30416451244110776,0.32469525563448215,0.8922501169499455,19.996222195084982,21.345943434522574,58.65783437039245,0.9367691925363814,0.4836762150835299,0.5998866658525495,0.6403783030356772,1.7597350311117734,0.010595296524816524
25,273.3,41.92,29.16,28.92,23,2,0.3052567958231084,0.3196527229676401,0.9019179791049432,19.99288041666922,20.935745747845953,59.07137383548482,0.9549638526120454,0.4884815907650207,0.5997864125000766,0.6280723724353786,1.7721412150645446,0.010600972847244244
26,286.7,44.07,27.87,28.05,22,2,0.320912857631784,0.3055117074454091,0.8747855917667239,21.37694420523094,20.351028538716022,58.272027256053036,1.0504109983710752,0.5122929008894128,0.6413083261569282,0.6105308561614806,1.748160817681591,0.010600190433832445
27,266.3,41.55,29.35,29.09,21,2,0.30256249681417346,0.3217355081995966,0.9072197099641354,19.75572948684687,21.00762564174703,59.23664487140611,0.9404075369463767,0.48464434354151087,0.5926718846054061,0.6302287692524109,1.7770993461421831,0.010596597732903225
28,269.1,41.26,29.8,28.93,20,2,0.30045074894230556,0.32666842059107254,0.9022298456260721,19.645662694658387,21.359965407047,58.99437189829462,0.9197422523997612,0.4790967387679484,0.5893698808397516,0.64079896221141,1.7698311569488385,0.010588063655015016
29,270.4,42.86,28.6,28.54,19,2,0.3121017716836456,0.3135139875471367,0.8900670513020428,20.591496420938427,20.684669996153325,58.72383358290825,0.9954955251772339,0.49887133928241556,0.6177448926281528,0.6205400998845997,1.7617150074872474,0.010606547671858505
30,261.0,41.06,30.11,28.82,18,2,0.2989943710996381,0.33006664912742256,0.8987993138936536,19.56948317999955,21.603195119099443,58.82732170090102,0.9058605947922083,0.47530265186629367,0.5870844953999865,0.6480958535729833,1.7648196510270304,0.010580723348884232
31,258.5,40.93,30.27,28.8,17,2,0.2980477255019042,0.3318205735332807,0.8981755808513957,19.505181063519384,21.715382516234424,58.77943642024619,0.8982195477762046,0.47319054786285575,0.5851554319055815,0.6514614754870327,1.7633830926073857,0.010576107876852956
32,259.5,40.47,31.17,28.36,16,2,0.29469805646376895,0.3416863983162326,0.8844534539217216,19.377348156408107,22.46698325713858,58.155668586453324,0.862481087675677,0.4630817963107635,0.5813204446922432,0.6740094977141574,1.7446700575935996,0.010548776486875402
33,254.5,40.59,30.58,28.83,15,2,0.2955718831693695,0.3352188020696308,0.8991111804147824,19.319662901584927,21.911131007502867,58.76920609091222,0.8817282364369706,0.4685736331971679,0.5795898870475478,0.657333930225086,1.7630761827273667,0.010564700697045636
34,253.1,40.56,30.64,28.8,14,2,0.29535342649296936,0.3358765237218276,0.8981755808513957,19.31164890498794,21.96124683083096,58.72710426418111,0.8793512068666657,0.46790147773005,0.5793494671496382,0.6588374049249287,1.7618131279254332,0.010562889148806062
35,249.5,40.11,31.23,28.66,13,2,0.29207657634696743,0.34234411996842934,0.8938094495555903,19.11208054206415,22.401345824343526,58.48657363359233,0.8531666218596146,0.46038311493193174,0.5733624162619244,0.6720403747303058,1.7545972090077697,0.010540013574779862
36,249.6,39.61,32.07,28.32,12,2,0.2884356317402987,0.35155222309918444,0.8832059878372057,18.93623934517976,23.079939876950018,57.98382077787022,0.8204631141215156,0.45068922723954175,0.5680871803553929,0.6923981963085005,1.7395146233361065,0.010503439690155655
37,242.4,39.67,32.06,28.27,11,2,0.28887254509309895,0.3514426028238183,0.8816466552315609,18.980275621602928,23.091420697733017,57.92830368066406,0.8219622287452544,0.45114120138007574,0.5694082686480878,0.6927426209319905,1.7378491104199216,0.010505322154395785
38,239.2,39.15,32.78,28.08,10,2,0.28508596270216346,0.3593352626501798,0.8757211913301107,18.753898290946495,23.63826301448716,57.60783869456635,0.7933704045619939,0.44239070888189647,0.5626169487283949,0.7091478904346147,1.7282351608369904,0.010465795667929989
39,239.0,39.38,32.72,27.9,9,2,0.2867607972212311,0.35867754099798294,0.8701075939497895,18.921287117364216,23.666556940617063,57.412155942018714,0.7994947116659411,0.4442884474641121,0.5676386135209265,0.7099967082185119,1.7223646782605613,0.010474919608311832
40,233.7,39.17,32.5,28.33,8,2,0.2852316004864302,0.35626589493992805,0.8835178543583346,18.70352324825453,23.361462885617964,57.93501386612749,0.8006143853161265,0.444634004840279,0.5611056974476359,0.7008438865685389,1.7380504159838246,0.010476548089339902
41,225.9,39.22,32.97,27.81,7,2,0.2855956949470971,0.3614180478821363,0.8673007952596289,18.859734075295385,23.866775282912048,57.27349064179258,0.7902087253822864,0.4414059177448947,0.5657920222588615,0.7160032584873615,1.7182047192537773,0.01046094055741914
42,200.0,38.19,34.16,27.66,6,2,0.27809534905735944,0.3744628606507059,0.8626227974426945,18.353935783573945,24.714067750550083,56.93199646587597,0.7426513501876042,0.42616175066094225,0.5506180735072184,0.7414220325165024,1.707959893976279,0.010375289253661971
43,173.5,39.03,32.82,28.15,5,2,0.284212135996563,0.3597737437516443,0.8779042569780134,18.6749443430877,23.639928735300394,57.68512692161192,0.7899746463787466,0.4413328691425461,0.560248330292631,0.7091978620590118,1.7305538076483575,0.01046057714267237
44,149.6,38.71,34.05,27.25,4,2,0.28188193144829493,0.37325703762167844,0.8498362700764074,18.73000459517047,24.801540112606048,56.468455292223474,0.7551952221568065,0.43026280645227194,0.5619001378551141,0.7440462033781814,1.694053658766704,0.010400270384541051
45,128.6,37.7,35.54,26.76,3,2,0.2745272233428241,0.3895904586512321,0.8345548105410885,18.31802643407671,25.99570357044476,55.68626999547853,0.7046559207154133,0.41337135087043364,0.5495407930223013,0.7798711071133428,1.6705880998643559,0.010288211777989375
46,104.0,38.31,34.85,26.84,2,2,0.27896917576296,0.38202665965096905,0.8370497427101201,18.62220881906033,25.501671326273524,55.87611985466615,0.7302348375839386,0.4220437721642585,0.5586662645718099,0.7650501397882057,1.6762835956399844,0.01034876908402625
50,56.5,46.57,26.06,27.37,45,4,0.33911758066512776,0.28567043760413924,0.8535786683299549,22.938664929282254,19.323381688293082,57.737953382424664,1.1870937136836386,0.5427722215360685,0.6881599478784676,0.5797014506487924,1.7321386014727398,0.010528984178956598
51,84.9,47.45,24.19,28.35,44,4,0.34552564317286477,0.2651714461106726,0.8841415874005927,23.114577416428244,17.739134680330807,59.146287903240946,1.303027336618496,0.5657889143998235,0.6934373224928473,0.5321740404099242,1.7743886370972284,0.010422972538737963
52,115.2,46.92,24.73,28.35,43,4,0.3416662418897959,0.27109094098044373,0.8841415874005927,22.82493971372417,18.110171934431847,59.06488835184398,1.260338101502416,0.5575883097598038,0.684748191411725,0.5433051580329554,1.7719466505553194,0.010465898212646157
53,150.8,49.41,23.16,27.43,42,4,0.35979814603100624,0.25388055774796103,0.8554498674567286,24.490582585864292,17.281030586344126,58.22838682779158,1.4171945627604712,0.5862972656789425,0.7347174775759288,0.5184309175903238,1.7468516048337475,0.010290643014170793
54,172.3,49.09,22.85,28.06,41,4,0.3574679414827383,0.250482329211611,0.8750974582878528,24.103603309386695,16.88970114154816,59.00669554906515,1.4271184023554184,0.587988785784187,0.7231080992816008,0.5066910342464448,1.7702008664719544,0.010278135354735582
55,200.1,45.82,26.12,28.05,40,4,0.33365616375512464,0.28632815925633603,0.8747855917667239,22.321573404468563,19.155333300832826,58.52309329469861,1.165292874517515,0.5381687106771519,0.6696472021340568,0.5746599990249848,1.7556927988409583,0.010544792786805717
56,224.9,45.46,26.73,27.81,39,4,0.3310346836383231,0.2930149960536701,0.8673007952596289,22.19697443346183,19.64762817158557,58.1553973949526,1.129753384969038,0.5304620680227078,0.6659092330038549,0.5894288451475671,1.744661921848578,0.010567232660129313
57,247.1,45.79,26.36,27.85,38,4,0.3334377070787245,0.2889590458651232,0.8685482613441449,22.364185391367982,19.380932435198954,58.25488217343307,1.1539272151194826,0.5357317587240161,0.6709255617410395,0.5814279730559686,1.747646465202992,0.010552433438742724
58,269.6,45.06,27.08,27.86,37,4,0.32812192795298817,0.29685170569148467,0.8688601278652737,21.96508985185681,19.871803231403128,58.16310691674006,1.1053395404572892,0.5250172331904261,0.6589526955557042,0.5961540969420938,1.744893207502202,0.010580048643786364
59,279.1,44.23,27.69,28.08,36,4,0.322077959905918,0.30353854248881873,0.8757211913301107,21.452732536597843,20.217872618367014,58.329394845035154,1.0610776386586298,0.5148169184685298,0.6435819760979352,0.6065361785510104,1.7498818453510545,0.010597287378914287
60,275.3,44.67,27.24,28.09,35,4,0.3252819911597865,0.29860563009734276,0.8760330578512397,21.686612878299076,19.908094758374123,58.4052923633268,1.0893364303069153,0.5213791395705937,0.6505983863489723,0.5972428427512236,1.7521587708998039,0.010587209981460514
61,276.1,44.6,27.32,28.08,34,4,0.3247722589148529,0.29948259230027185,0.8757211913301107,21.65182974281128,19.965825040251612,58.382345216937104,1.0844445295478968,0.520255883126382,0.6495548922843384,0.5989747512075484,1.7514703565081131,0.010589194129065668
62,277.4,44.73,27.23,28.04,33,4,0.3257189045125867,0.29849600982197666,0.874473725245595,21.73359401748941,19.917146359740016,58.349259622770575,1.0912001963002647,0.521805706708907,0.6520078205246822,0.5975143907922005,1.750477788683117,0.010586428434594352
63,276.7,43.7,28.2,28.1,32,4,0.31821855862284915,0.30912917653249145,0.8763449243723688,21.162473368912867,20.55800263263804,58.27952399844909,1.0294031841067655,0.5072442933806934,0.634874201067386,0.6167400789791412,1.7483857199534727,0.01060437518902002
64,269.8,44.14,27.6,28.26,31,4,0.3214225898767176,0.30255196001052354,0.881334788710432,21.352593891176603,20.098989108270402,58.54841700055301,1.0623715340186122,0.5151213137375589,0.6405778167352981,0.602969673248112,1.7564525100165902,0.01059690074468213
65,269.9,44.3,27.71,27.98,30,4,0.3225876921508516,0.303757783039551,0.8726025261188212,21.520939476826037,20.264731183085757,58.2143293400882,1.0619898819476465,0.5150315679262922,0.6456281843047811,0.6079419354925727,1.746429880202646,0.01059701555456229
66,271.8,43.12,29.01,27.86,29,4,0.31399506287911333,0.31800841883714814,0.8688601278652737,20.920959164747835,21.188362274025284,57.890678561226885,0.9873797178932863,0.4968248941072791,0.6276287749424351,0.6356508682207584,1.7367203568368066,0.010606174004571657
67,270.1,43.26,28.6,28.15,28,4,0.3150145273689806,0.3135139875471367,0.8779042569780134,20.911290118369735,20.8116813041007,58.27702857752958,1.0047861973674088,0.5011936927173815,0.627338703551092,0.6243504391230209,1.7483108573258872,0.010606541264313329
68,273.4,42.85,28.99,28.15,27,4,0.31202895279151227,0.31778917828641584,0.8779042569780134,20.695384990193233,21.0774331404718,58.22718186933498,0.9818740665558094,0.49542707234781813,0.620861549705797,0.6323229942141539,1.7468154560800493,0.010605714510892476
69,270.8,42.62,28.76,28.62,26,4,0.3103541182724446,0.3152679119529948,0.8925619834710745,20.44245726951019,20.766119858249084,58.79142287224073,0.9844139111712618,0.49607287352174967,0.6132737180853056,0.6229835957474725,1.7637426861672219,0.010605947404074185
70,271.4,42.06,29.16,28.77,25,4,0.3062762603129756,0.3196527229676401,0.8972399812880087,20.107832252196385,20.98603178001127,58.90613596779235,0.9581531402877531,0.48931471220220873,0.6032349675658916,0.629580953400338,1.7671840790337705,0.010601757666870146
71,264.0,42.19,28.68,29.13,24,4,0.30722290591070944,0.31439094975006576,0.9084671760486512,20.078865076019927,20.547339862047966,59.3737950619321,0.9772002220641058,0.4942343274895822,0.6023659522805977,0.6164201958614389,1.781213851857963,0.010605191337624446
72,268.2,41.85,29.3,28.86,23,4,0.3047470635781747,0.3211874068227659,0.9000467799781694,19.97056408802299,21.04792616180383,58.981509750173174,0.9488138610189562,0.4868673607046594,0.5991169226406896,0.6314377848541148,1.769445292505195,0.010599284595994962
73,265.9,42.11,28.83,29.06,22,4,0.3066403547736425,0.3160352538805577,0.9062841104007485,20.05548942539684,20.66995290601242,59.27455766859073,0.9702726230964539,0.4924560244721802,0.6016646827619051,0.6200985871803726,1.7782367300577218,0.010604187164510993
74,263.2,41.73,29.59,28.68,21,4,0.3038732368725742,0.32436639480838375,0.8944331825978482,19.95656808363652,21.30243554404139,58.74099637232209,0.9368209584475738,0.48369001500193737,0.5986970425090955,0.6390730663212417,1.7622298911696626,0.010595315631267236
75,267.1,41.08,30.23,28.69,20,4,0.29914000888390485,0.33138209243181616,0.8947450491189772,19.612302592280344,21.7261672709186,58.661530136801055,0.9027042067623333,0.4744322336357193,0.5883690777684103,0.6517850181275581,1.7598459041040315,0.010578867122645774
76,261.0,41.29,30.09,28.62,19,4,0.3006692056187057,0.3298474085766903,0.8925619834710745,19.740885734942708,21.656624226881924,58.60249003817537,0.9115402995467202,0.47686167001703916,0.5922265720482812,0.6496987268064577,1.7580747011452609,0.010583887369895819
77,258.4,40.74,30.56,28.7,18,4,0.2966641665513701,0.3349995615188985,0.895056915640106,19.431463625879193,21.942426920012835,58.626109454107976,0.8855658353888152,0.469655219016103,0.5829439087763758,0.658272807600385,1.758783283623239,0.010567535239122298
78,252.5,40.7,30.53,28.77,17,4,0.2963728909828366,0.33467070069280014,0.8972399812880087,19.39253265728105,21.898468753662463,58.70899858905649,0.8855656929911,0.4696551789645231,0.5817759797184314,0.6569540626098739,1.7612699576716946,0.010567535135995818
79,251.5,40.83,30.35,28.82,16,4,0.2973195365805705,0.33269753573620975,0.8987993138936536,19.447694259580363,21.761771965362467,58.79053377505718,0.893663176442371,0.47192298374904135,0.5834308277874108,0.652853158960874,1.7637160132517153,0.010573156181882105
80,250.5,40.7,30.75,28.55,15,4,0.2963728909828366,0.337082346750855,0.8903789178231718,19.449156583219608,22.12067143406909,58.43017198271131,0.879229938439619,0.4678671409256443,0.5834746974965882,0.6636201430220727,1.7529051594813392,0.010562795577349673
81,250.7,40.65,30.84,28.51,14,4,0.2960087965221697,0.3380689292291502,0.8891314517386559,19.433233524101304,22.19451761617127,58.37224885972743,0.8755871094013752,0.46683361439865795,0.5829970057230391,0.6658355284851382,1.7511674657918228,0.01055993228272317
82,250.1,39.52,32.23,28.25,13,4,0.28778026171109833,0.35330614750504247,0.881022922189303,18.906674821142815,23.2116143180606,57.881710860796574,0.8145351099700041,0.44889465378460996,0.5672002446342844,0.696348429541818,1.7364513258238972,0.010495794277622957
83,244.1,39.81,31.94,28.25,12,4,0.28989200958296624,0.3501271595194247,0.881022922189303,19.058776298345904,23.0189001030268,57.9223235986273,0.827962075209659,0.45294269855937547,0.5717632889503771,0.690567003090804,1.737669707958819,0.010512653122856526
84,236.7,39.63,32.18,28.19,11,4,0.2885812695245655,0.3527580461282119,0.8791517230625293,18.979478482713947,23.200271303556264,57.820250213729786,0.8180714024583269,0.44996659721513793,0.5693843544814184,0.6960081391066879,1.7346075064118935,0.010500393937269018
85,230.9,40.02,31.66,28.33,10,4,0.29142120631776713,0.347057791809173,0.8835178543583346,19.14729362560141,22.80279300462816,58.04991336977044,0.83969071778686,0.4564303715121226,0.5744188087680423,0.6840837901388448,1.741497401093113,0.010526063138177201
86,234.4,39.43,32.6,27.97,9,4,0.287124891681898,0.3573620976935894,0.8722906595976923,18.929926339320353,23.560612060410737,57.50946160026891,0.8034564760364865,0.445509213397968,0.5678977901796106,0.706818361812322,1.7252838480080672,0.010480627286347036
87,231.0,39.62,32.5,27.88,8,4,0.2885084506324321,0.35626589493992805,0.8694838609075316,19.05279095717176,23.527420450183243,57.41978859264499,0.8098121507843996,0.44745646692305324,0.5715837287151527,0.7058226135054972,1.7225936577793497,0.010489469923492317
88,220.3,39.47,32.34,28.19,7,4,0.28741616725043145,0.35451197053407,0.8791517230625293,18.895534327197026,23.30659813855243,57.797867534250535,0.8107375522960223,0.44773885164528887,0.5668660298159107,0.6991979441565729,1.733936026027516,0.010490725543222286
89,195.1,39.06,32.92,28.01,6,4,0.2844305926729631,0.3608699465053056,0.8735381256822081,18.726846982071756,23.759597043077367,57.51355597485088,0.7881803276427215,0.44077228423698434,0.5618054094621526,0.712787911292321,1.7254066792455263,0.010457773178410502
90,171.8,39.26,33.03,27.71,5,4,0.28588697051563056,0.36207576953433307,0.8641821300483394,18.906056963777903,23.944515945141877,57.14942709108022,0.7895777474513436,0.44120896595626186,0.5671817089133371,0.7183354783542563,1.7144828127324065,0.010459959692467949
91,148.2,38.43,33.95,27.62,4,4,0.2798430024685604,0.3721608348680172,0.8613753313581788,18.491268299266768,24.591380836105643,56.91735086462759,0.7519410326124287,0.4292045329237837,0.554738048978003,0.7377414250831692,1.7075205259388277,0.010393960644686343
92,121.0,39.48,32.45,28.07,3,4,0.2874889861425648,0.35571779356309746,0.8754093248089818,18.93098494661674,23.42381280598801,57.645202247395254,0.8081939991331072,0.446961996069324,0.5679295483985022,0.7027143841796403,1.7293560674218575,0.010487254968376714
93,100.6,38.51,33.96,27.53,2,4,0.28042555360562743,0.3722704551433833,0.8585685326680181,18.555689352883775,24.63304371545209,56.81126693166413,0.7532844729717244,0.4296419004355563,0.5566706805865133,0.7389913114635627,1.7043380079499237,0.01039657988067143
97,56.7,47.13,26.33,26.54,45,6,0.3431954386245968,0.28863018503902477,0.8276937470762514,23.51427774820289,19.77570087971561,56.710021372081506,1.1890490198667003,0.5431806273297187,0.7054283324460867,0.5932710263914683,1.7013006411624452,0.01052749485758146
98,86.2,48.28,24.12,27.6,44,6,0.3515696112199349,0.2644041041831097,0.8607515983159209,23.807380286219015,17.904758706765712,58.28786100701527,1.3296677534795744,0.5707542423135628,0.7142214085865705,0.5371427612029713,1.748635830210458,0.010394208217754308
99,113.1,45.68,26.47,27.85,43,6,0.3326366992652574,0.29016486889415066,0.8685482613441449,22.304404552484307,19.456526104994563,58.239069342521134,1.1463713733953094,0.5340974015982535,0.6691321365745292,0.5836957831498368,1.7471720802756339,0.010557275385763822
100,141.6,46.97,25.19,27.84,42,6,0.34203033635046276,0.2761334736472858,0.8682363948230158,23.010649167106784,18.577330166648018,58.41202066624519,1.2386413419307112,0.5533004857591202,0.6903194750132035,0.5573199049994405,1.7523606199873556,0.010486070765850997
101,167.0,46.55,24.91,28.54,41,6,0.338971942880861,0.2730641059370341,0.8900670513020428,22.566489800453464,18.1787858579901,59.25472434155644,1.2413639709901112,0.5538431004767802,0.6769946940136039,0.545363575739703,1.7776417302466931,0.010483604192696507
102,191.3,46.69,24.85,28.47,40,6,0.33999140737072825,0.2724063842848373,0.8878839856541401,22.661836763784358,18.157014795801523,59.18114844041411,1.248103667846572,0.5551806554553214,0.6798551029135307,0.5447104438740457,1.7754344532124233,0.010477417350564337
103,222.7,44.91,27.48,27.61,39,6,0.3270296445709875,0.30123651670612994,0.8610634648370498,21.958177614732982,20.22631601656181,57.81550636870521,1.0856241738116363,0.5205272299023922,0.6587453284419894,0.6067894804968543,1.7344651910611562,0.010588724622909154
104,251.6,47.44,25.19,27.37,38,6,0.3454528242807314,0.2761334736472858,0.8535786683299549,23.417911364654774,18.718819926136753,57.86326870920847,1.2510356666210973,0.5557600375559382,0.7025373409396432,0.5615645977841026,1.735898061276254,0.010474690306213853
105,262.7,45.96,26.04,28.0,37,6,0.3346756282449919,0.285451197053407,0.8732262591610791,22.41101797878754,19.114782701019873,58.47419932019259,1.172444297658262,0.539689003267919,0.6723305393636262,0.5734434810305962,1.7542259796057775,0.01053977092127731
106,271.3,45.64,26.24,28.12,36,6,0.3323454236967239,0.2876436025607296,0.8769686574146266,22.201390682031242,19.21521267422414,58.58339664374462,1.1554069714676043,0.5360504938336051,0.6660417204609372,0.5764563802267242,1.7575018993123386,0.010551462742742736
107,275.9,44.5,27.48,28.01,35,6,0.32404406999351915,0.30123651670612994,0.8735381256822081,21.619964263627484,20.098262332701864,58.28177340367064,1.075713109209927,0.5182378549506645,0.6485989279088245,0.6029478699810559,1.7484532021101191,0.010592489873786054
108,271.2,44.19,27.74,28.07,34,6,0.3217866843373845,0.3040866438656494,0.8754093248089818,21.4341172657784,20.255122728259188,58.3107600059624,1.0582072275412246,0.5141402738175106,0.643023517973352,0.6076536818477756,1.7493228001788719,0.010598118670444372
109,272.5,44.0,27.88,28.12,33,6,0.3204031253868504,0.3056213277207752,0.8769686574146266,21.31767092901167,20.334180215542005,58.348148855446325,1.0483663812873043,0.511806086481684,0.63953012787035,0.6100254064662601,1.7504444656633897,0.01060068816916363
110,270.9,44.36,27.33,28.31,32,6,0.32302460550365186,0.29959221257563795,0.8828941213160767,21.456144691541258,19.89970346518759,58.64415184327115,1.078214292442925,0.5188176678236065,0.6436843407462377,0.5969911039556276,1.7593245552981345,0.01059157833101671
111,262.2,43.93,27.8,28.27,31,6,0.3198933931419167,0.30474436551784617,0.8816466552315609,21.23725042839065,20.231528833958514,58.531220737650834,1.0497106077690004,0.5121262503059171,0.6371175128517195,0.6069458650187554,1.755936622129525,0.010600363086644018
112,259.6,43.87,27.76,28.38,30,6,0.31945647978911645,0.3043058844163817,0.8850771869639794,21.17232939324203,20.168207029072043,58.65946357768592,1.0497873887709783,0.5121445250965345,0.6351698817972609,0.6050462108721613,1.7597839073305774,0.010600344268693869
113,269.6,43.65,28.61,27.73,29,6,0.3178544641621822,0.3136236078225028,0.8648058630905973,21.242924334824863,20.96016674848036,57.79690891669477,1.0134902355376063,0.5033499629895162,0.6372877300447459,0.6288050024544108,1.733907267500843,0.010606125597967529
114,265.3,43.46,28.06,28.49,28,6,0.3164709052116481,0.3075944926773656,0.888507718696398,20.92268477745206,20.335842896094235,58.7414723264537,1.028857514505609,0.5071117646999082,0.6276805433235617,0.610075286882827,1.762244169793611,0.010604455909053654
115,267.2,43.18,28.55,28.27,27,6,0.3144319762319136,0.3129658861703061,0.8816466552315609,20.83649438818086,20.739340855301233,58.42416475651792,1.004684504370581,0.5011683894299497,0.6250948316454258,0.622180225659037,1.7527249426955376,0.010606543800073635
116,266.3,42.56,28.91,28.53,26,6,0.30991720491964436,0.3169122160834868,0.8897551847809139,20.43520709215053,20.89644157502504,58.66835133282442,0.9779276064195654,0.49442032319363044,0.6130562127645159,0.6268932472507512,1.7600505399847326,0.010605280865244178
117,259.6,42.79,28.57,28.64,25,6,0.311592039438712,0.3131851267210383,0.8931857165133323,20.526986726448058,20.631935753892062,58.841077519659876,0.9949132728651403,0.4987250756200659,0.6158096017934417,0.6189580726167618,1.7652323255897961,0.010606532756551431
118,261.6,41.97,29.31,28.72,24,6,0.3056208902837752,0.32129702709813207,0.895680648682364,20.072322219097273,21.101886883332952,58.825790897569775,0.9512098292475983,0.4874974567006934,0.6021696665729181,0.6330566064999885,1.7647737269270931,0.010599969893873878
119,260.0,41.83,29.22,28.94,23,6,0.304601425793908,0.3203104446198369,0.9025417121472011,19.941779525843906,20.97022444916465,59.08799602499144,0.9509568948194204,0.4874310126198049,0.5982533857753172,0.6291067334749395,1.7726398807497432,0.010599899217639817
120,257.1,41.59,29.58,28.83,22,6,0.302853772382707,0.3242567745330176,0.8991111804147824,19.84336659342573,21.245718674190975,58.91091473238329,0.9339936623340116,0.4829352238966673,0.5953009978027719,0.6373715602257293,1.7673274419714986,0.0105942468688049
121,264.8,41.5,29.94,28.56,21,6,0.3021984023535066,0.3282031044461984,0.8906907843443007,19.867197021044973,21.576804139830237,58.55599883912479,0.9207664347460348,0.47937449243680647,0.5960159106313492,0.6473041241949071,1.7566799651737437,0.010588553033770936
122,257.8,41.08,30.14,28.78,20,6,0.29914000888390485,0.330395509953521,0.8975518478091378,19.58892565137298,21.63566519963159,58.77540914899543,0.9053997402264543,0.47517574454946065,0.5876677695411894,0.6490699559889477,1.7632622744698627,0.010580456713603534
123,257.6,41.96,29.24,28.8,19,6,0.30554807139164186,0.3205296851705691,0.8981755808513957,20.045753805604512,21.028635942792313,58.92561025160317,0.95325982437179,0.48803534096052925,0.6013726141681354,0.6308590782837694,1.767768307548095,0.010600528247578175
124,259.1,41.31,30.44,28.25,18,6,0.3008148434029725,0.33368411821450494,0.881022922189303,19.84892772695353,22.01776970559718,58.1333025674493,0.9014958368788687,0.47409824381135196,0.5954678318086059,0.6605330911679154,1.743999077023479,0.010578137800119597
125,244.9,40.72,30.36,28.92,17,6,0.29651852876710333,0.3328071560115759,0.9019179791049432,19.364555476106077,21.734434816696158,58.90100970719777,0.8909619982954622,0.47116864278530557,0.5809366642831822,0.6520330445008847,1.767030291215933,0.010571334887626687
126,245.2,40.83,30.45,28.72,16,6,0.2973195365805705,0.33379373848987104,0.895680648682364,19.473455582647954,21.862396312753056,58.66414810459899,0.8907283220041367,0.47110328418838165,0.5842036674794386,0.6558718893825917,1.7599244431379697,0.010571174811696582
127,240.9,41.03,30.01,28.96,15,6,0.298775914423238,0.32897044637376127,0.903165445189459,19.516206828826352,21.48853023977994,58.99526293139371,0.9082150622241074,0.47595005416503916,0.5854862048647905,0.6446559071933982,1.7698578879418112,0.01058206228853292
128,244.4,40.74,30.42,28.84,14,6,0.2966641665513701,0.3334648776637727,0.8994230469359115,19.395492854912675,21.80147244366329,58.80303470142404,0.8896414178002034,0.4707990677066476,0.5818647856473802,0.6540441733098986,1.764091041042721,0.01057042495626143
129,239.7,40.08,31.35,28.58,13,6,0.29185811967056735,0.34365956327282293,0.8913145173865585,19.115271449442623,22.508011240433497,58.37671731012388,0.8492652347313503,0.45924468744729646,0.5734581434832787,0.6752403372130049,1.7513015193037162,0.010536131646850171
130,234.9,40.27,31.45,28.28,12,6,0.2932416786211015,0.3447557660264842,0.88195852175269,19.292774600279255,22.68195748084546,58.02526791887528,0.8505780251361325,0.4596282964473017,0.5787832380083776,0.6804587244253637,1.7407580375662584,0.01053745200132914
131,233.1,39.63,32.08,28.29,11,6,0.2885812695245655,0.35166184337455053,0.8822703882738189,18.954266697946803,23.097453198518927,57.94828010353428,0.8206215003462894,0.4507370149095812,0.568628000938404,0.6929235959555677,1.7384484031060283,0.010503639544421238
132,228.2,39.98,31.78,28.24,10,6,0.29112993074923355,0.3483732351135666,0.880711055668174,19.150585925715326,22.91606210358482,57.933351970699846,0.8356839774281964,0.455243924174244,0.5745175777714597,0.6874818631075446,1.7380005591209953,0.010521617113918745
133,225.4,39.2,32.73,28.07,9,6,0.28545005716283034,0.3587871612733491,0.8754093248089818,18.783976999892356,23.60990869015959,57.60611430994806,0.7955971895698758,0.4430822203282999,0.5635193099967707,0.7082972607047876,1.7281834292984417,0.010469155702757032
134,224.0,39.7,32.02,28.28,8,6,0.2890910017694991,0.3510041217223538,0.88195852175269,18.99348309257864,23.061218822281344,57.94529808514002,0.8236114161592999,0.45163756316787285,0.5698044927773591,0.6918365646684402,1.7383589425542005,0.010507369521534303
135,218.1,39.09,33.02,27.89,7,6,0.28464904934936325,0.361966149258967,0.8697957274286606,18.771234397081866,23.869924902541708,57.35884070037643,0.7863968769789919,0.4402139788269681,0.5631370319124559,0.7160977470762512,1.720765221011293,0.010454954112819612
136,189.4,39.86,31.92,28.22,6,6,0.29025610404363306,0.34990791896869244,0.8800873226259162,19.092639179462516,23.01645185005851,57.890908970478975,0.8295213920825933,0.453408960219004,0.5727791753838755,0.6904935555017553,1.7367272691143691,0.01051450565625719
137,167.5,39.25,32.92,27.83,5,6,0.2858141516234972,0.3608699465053056,0.8679245283018868,18.870495429373314,23.825953464673432,57.303551105953254,0.7920142821294627,0.4419687331890607,0.5661148628811994,0.714778603940203,1.7191065331785975,0.010463725365147567
138,144.5,38.55,33.97,27.47,4,6,0.2807168291741609,0.3723800754187494,0.8566973335412443,18.593052091725994,24.664293054856735,56.742654853417285,0.7538449227136785,0.4298241611620222,0.5577915627517798,0.739928791645702,1.7022796456025184,0.010397666582922963
139,122.1,38.26,34.44,27.31,3,6,0.27860508130229306,0.3775322283609576,0.8517074692031811,18.477039892112963,25.037870850657384,56.48508925722966,0.7379637031568056,0.4246139903936899,0.5543111967633888,0.7511361255197215,1.6945526777168898,0.010365490307376168
140,100.3,38.96,34.37,26.66,2,6,0.2837024037516293,0.3767648864333947,0.8314361453297989,19.016137170682892,25.25397270791735,55.72989012139976,0.7529958708128786,0.4295480002834851,0.5704841151204868,0.7576191812375205,1.6718967036419927,0.01039601891491262
144,53.3,45.82,27.05,27.13,45,8,0.33365616375512464,0.29652284486538627,0.8460938718228599,22.6012526664391,20.08591018594958,57.31283714761132,1.1252292008280034,0.5294625165086225,0.6780375799931729,0.6025773055784873,1.7193851144283394,0.01056977390471045
145,79.1,45.7,26.23,28.08,44,8,0.33278233704952415,0.2875339822853635,0.8757211913301107,22.244250874538583,19.21970406728323,58.53604505817819,1.1573669811286995,0.536472000940324,0.6673275262361574,0.5765911220184969,1.7560813517453455,0.01055016582064734
146,106.2,46.78,25.2,28.02,43,8,0.34064677739992866,0.2762430939226519,0.873849992203337,22.85085317261366,18.53060353999511,58.61854328739125,1.2331413341877417,0.5522003087351707,0.6855255951784098,0.5559181061998533,1.7585562986217373,0.010490995179809367
147,135.5,46.63,25.37,28.0,42,8,0.33955449401792803,0.2781066386038762,0.8732262591610791,22.775328028756785,18.653765545049065,58.57090642619415,1.2209506961880752,0.5497423685648005,0.6832598408627035,0.559612966351472,1.7571271927858245,0.010501625922221008
148,160.4,47.1,24.83,28.07,41,8,0.34297698194819665,0.272187143734105,0.8754093248089818,23.00973372598,18.26056566648184,58.72970060753816,1.2600778172066975,0.5575373589410598,0.6902920117793999,0.5478169699944552,1.761891018226145,0.010466147075218327
149,190.4,45.85,26.42,27.73,40,8,0.33387462043152477,0.28961676751732,0.8648058630905973,22.433329108035597,19.45960508326201,58.107065808702394,1.1528152299108787,0.5354919520699426,0.6729998732410679,0.5837881524978602,1.7432119742610717,0.010553158078368478
150,212.2,45.98,25.9,28.13,39,8,0.3348212660292586,0.28391651319828115,0.8772805239357555,22.380826846923398,18.97814435812359,58.64102879495302,1.1792947942954861,0.5411359662687232,0.6714248054077019,0.5693443307437077,1.7592308638485907,0.010534809121578644
151,233.4,45.71,26.06,28.23,38,8,0.3328551559416575,0.28567043760413924,0.8803991891470452,22.206261433857808,19.05835709053578,58.73538147560642,1.1651718628404362,0.5381428988791106,0.6661878430157342,0.5717507127160734,1.7620614442681923,0.0105448763557902
152,253.1,45.48,26.54,27.98,37,8,0.33118032142258985,0.29093221082171355,0.8726025261188212,22.156752858653093,19.464058329640164,58.37918881170675,1.1383418855107135,0.5323479342681613,0.6647025857595927,0.5839217498892049,1.7513756643512024,0.0105622071986425
153,268.8,45.76,26.27,27.96,36,8,0.33321925040232436,0.287972463386828,0.8719787930765633,22.316222351711072,19.285973173372227,58.397804474916704,1.1571219222954563,0.5364193420574619,0.6694866705513322,0.5785791952011667,1.751934134247501,0.01055032866917862
154,266.9,45.47,26.54,27.99,35,8,0.3311075025304565,0.29093221082171355,0.8729143926399501,22.148338949222683,19.460945968547815,58.390715082229505,1.1380915904611293,0.5322931887196064,0.6644501684766805,0.5838283790564345,1.7517214524668852,0.01056235733779396
155,264.3,44.81,27.08,28.11,34,8,0.3263014556496538,0.29685170569148467,0.8766567908934976,21.756186853106435,19.792621408411886,58.451191738481675,1.0992069420304291,0.5236296241318812,0.652685605593193,0.5937786422523565,1.7535357521544501,0.01058291254588798
156,263.7,44.14,27.76,28.1,33,8,0.3214225898767176,0.3043058844163817,0.8763449243723688,21.398594114128425,20.25905556191497,58.342350323956616,1.0562483551481874,0.5136774225271378,0.6419578234238528,0.6077716668574491,1.7502705097186984,0.010598664929806791
157,260.5,43.54,28.06,28.4,32,8,0.3170534563487151,0.3075944926773656,0.8857009200062373,20.992067650691297,20.365790909913528,58.64214143939517,1.0307514077674693,0.5075714357872282,0.6297620295207389,0.6109737272974058,1.759264243181855,0.0106041695544501
158,262.5,44.23,27.49,28.28,31,8,0.322077959905918,0.3013461369814961,0.88195852175269,21.3950895883778,20.017909948616175,58.58700046300602,1.0687973741163137,0.5166273833718733,0.641852687651334,0.6005372984584852,1.7576100138901805,0.01059487209427524
159,257.0,42.84,28.56,28.6,30,8,0.3119561338993789,0.31307550644567217,0.8919382504288166,20.564424897071454,20.63821492765158,58.79736017527697,0.9964245923962514,0.4991045472948574,0.6169327469121436,0.6191464478295473,1.763920805258309,0.010606567698797044
160,256.7,43.21,28.26,28.53,29,8,0.31465043290831374,0.30978689818468824,0.8897551847809139,20.78008110657668,20.458884516801007,58.7610343766223,1.0156996139995758,0.5038943337317073,0.6234024331973004,0.6137665355040302,1.7628310312986688,0.010605958285902887
161,260.9,43.31,28.43,28.26,28,8,0.3153786218296475,0.3116504428659125,0.881334788710432,20.908656828224856,20.66148974348489,58.42985342829026,1.0119626942591546,0.5029728916677453,0.6272597048467456,0.6198446923045466,1.7528956028487077,0.010606226749613637
162,259.0,42.93,28.53,28.54,27,8,0.3126115039285792,0.31274664561957377,0.8900670513020428,20.628633056464643,20.637550797235928,58.733816146299425,0.9995678876404036,0.49989194856492064,0.6188589916939393,0.6191265239170778,1.7620144843889827,0.010606601222465137
163,273.4,45.44,27.08,27.47,26,8,0.3308890458540564,0.29685170569148467,0.8566973335412443,22.290525228252374,19.997580813492107,57.71189395825551,1.1146610900661167,0.5271109849717175,0.6687157568475712,0.5999274244047632,1.7313568187476651,0.010575418075142288
164,253.8,42.09,29.04,28.87,25,8,0.30649471698937575,0.3183372796632465,0.9003586464992984,20.095502051860315,20.871966471376894,59.0325314767628,0.9627986936170391,0.49052340250074083,0.6028650615558094,0.6261589941413068,1.7709759443028839,0.010602791576138467
165,252.3,42.38,28.72,28.9,24,8,0.3086064648612436,0.31482943085153026,0.9012942460626852,20.240071105427837,20.64820667117722,59.111722223394935,0.9802338492514656,0.49500913724002693,0.6072021331628351,0.6194462001353166,1.773351666701848,0.010605544930686918
166,261.1,42.83,28.76,28.4,23,8,0.3118833150072455,0.3152679119529948,0.8857009200062373,20.61558465132391,20.83930756783866,58.54510778083743,0.9892643785890458,0.49730161020161406,0.6184675395397173,0.6251792270351597,1.7563532334251228,0.01060629279808349
167,252.9,41.29,29.79,28.92,22,8,0.3006692056187057,0.3265588003157064,0.9019179791049432,19.662557307173483,21.355632719874148,58.98180997295237,0.9207199601665259,0.47936189515451266,0.5898767192152045,0.6406689815962244,1.7694542991885711,0.01058853098012694
168,248.4,41.49,29.49,29.02,21,8,0.30212558346137325,0.3232701920547224,0.9050366443162327,19.741190760613502,21.122800841486313,59.136008397900184,0.9345915302027914,0.48309501805005,0.5922357228184051,0.6336840252445893,1.7740802519370054,0.010594477166499952
169,249.3,41.59,29.55,28.85,20,8,0.302853772382707,0.3239279137069192,0.8997349134570405,19.839533515236337,21.220071488453964,58.9403949963097,0.9349418792500869,0.4831886111289484,0.5951860054570901,0.6366021446536189,1.768211849889291,0.010594611048073643
170,256.7,44.33,27.31,28.36,19,8,0.3228061488272517,0.2993729720249057,0.8844534539217216,21.42567167550454,19.870337137097724,58.70399118739774,1.0782741896967123,0.518831535820626,0.6427701502651362,0.5961101141129317,1.7611197356219321,0.010591556179381718
171,248.5,41.16,30.02,28.82,18,8,0.2997225600209718,0.3290800666491274,0.8987993138936536,19.620462115304782,21.542265554315957,58.837272330379264,0.9107891677332821,0.47665602417755326,0.5886138634591435,0.6462679666294787,1.7651181699113778,0.010583481820420711
172,240.8,40.85,30.03,29.12,17,8,0.2974651743648372,0.3291896869244936,0.9081553095275223,19.38123554436188,21.448234653624493,59.170529802013625,0.9036284737348621,0.47468741206731907,0.5814370663308563,0.6434470396087347,1.7751158940604086,0.010579417968827179
173,235.5,41.22,29.71,29.07,16,8,0.3001594733737721,0.32568183811277734,0.9065959769218775,19.587064060906172,21.252539374777747,59.16039656431609,0.9216340558414332,0.47960955575273345,0.5876119218271851,0.6375761812433324,1.7748118969294826,0.01058896208142378
174,244.3,41.58,29.94,28.48,15,8,0.3027809534905736,0.3282031044461984,0.8881958521752691,19.93055275910298,21.603965551518716,58.465481689378294,0.9225414061865093,0.4798551558982714,0.5979165827730893,0.6481189665455614,1.7539644506813488,0.010589384456359907
175,234.6,40.67,30.97,28.36,14,8,0.29615443430643645,0.3394939928089099,0.8844534539217216,19.48253850619468,22.333634149396282,58.183827344409025,0.8723407205415034,0.46590917506147705,0.5844761551858404,0.6700090244818885,1.7455148203322708,0.010557294411918378
176,232.6,39.88,31.43,28.69,13,8,0.29040174182789985,0.344536525475752,0.8947450491189772,18.984435452106748,22.523389107851237,58.49217544004202,0.8428765032296638,0.4573700417540255,0.5695330635632024,0.6757016732355371,1.7547652632012605,0.010529499642620658
177,228.4,40.14,31.23,28.63,12,8,0.29229503302336757,0.34234411996842934,0.8928738499922033,19.135354818739252,22.411862897380207,58.45278228388053,0.8538047419956349,0.4605688628655182,0.5740606445621775,0.6723558869214061,1.7535834685164158,0.010540636521999524
178,226.0,39.63,32.08,28.3,11,8,0.2885812695245655,0.35166184337455053,0.8825822547949479,18.95038496512238,23.092722963175614,57.956892071702015,0.8206215003462893,0.45073701490958107,0.5685115489536714,0.6927816888952684,1.7387067621510603,0.010503639544421232
179,220.4,39.91,31.85,28.24,10,8,0.29062019850429993,0.34914057704112955,0.880711055668174,19.113816680992638,22.962646849067507,57.92353646993986,0.8323873465731949,0.4542638586376776,0.5734145004297792,0.6888794054720252,1.7377060940981959,0.010517854387874255
180,221.6,39.49,32.36,28.16,9,8,0.28756180503469825,0.3547312110848022,0.8782161234991425,18.91220496752958,23.32976513207753,57.75802990039289,0.8106470365415734,0.44771124365019804,0.5673661490258873,0.6998929539623259,1.7327408970117866,0.010490603083079095
181,219.9,39.47,32.59,27.93,8,8,0.28741616725043145,0.3572524774182233,0.8710431935131764,18.962454472559962,23.56994703206678,57.46759849537326,0.8045183320421404,0.44583549956607077,0.5688736341767988,0.7070984109620033,1.7240279548611976,0.010482131417753822
182,211.1,39.22,32.99,27.79,7,8,0.2855956949470971,0.3616372884328686,0.866677062217371,18.864773093860464,23.88763384486157,57.24759306127797,0.7897296658337065,0.4412563980526233,0.5659431928158138,0.716629015345847,1.717427791838339,0.010460196216045227
183,187.2,38.8,33.28,27.92,6,8,0.2825373014774953,0.36481627641848635,0.8707313269920475,18.61142947721588,24.031348658024797,57.35722186475933,0.7744646271028554,0.43644974110716056,0.5583428843164764,0.7209404597407438,1.7207166559427798,0.01043525692888656
184,164.5,39.14,33.28,27.58,5,8,0.28501314381003007,0.36481627641848635,0.8601278652736629,18.875576583958853,24.1607017576763,56.963721658364854,0.7812511728042724,0.43859686086512284,0.5662672975187656,0.724821052730289,1.7089116497509456,0.010446639505756193
185,141.7,38.59,33.84,27.57,4,8,0.2810081047426945,0.37095501183898977,0.859815998752534,18.58790757805715,24.537646278899707,56.87444614304313,0.7575261036361572,0.43101840824378457,0.5576372273417144,0.7361293883669912,1.7062333842912938,0.010404717357706105
186,116.8,39.22,33.01,27.77,3,8,0.2855956949470971,0.36185652898360077,0.8660533291751131,18.869814805835123,23.9085035559366,57.221681638228276,0.789251186787458,0.4411069796211971,0.5660944441750536,0.717255106678098,1.7166504491468482,0.010459450483715093
187,98.4,37.97,35.18,26.85,2,8,0.2764933334304252,0.3856441287380514,0.8373616092312491,18.439046659250618,25.71819723623217,55.8427561045172,0.7169649758060577,0.417576937158818,0.5531713997775185,0.7715459170869651,1.6752826831355159,0.010318375322483985
191,49.9,45.33,27.63,27.04,45,10,0.3300880380405892,0.30288082083662193,0.8432870731326992,22.35981111968689,20.51682328715538,57.12336559315775,1.089828128201763,0.5214917502041322,0.6707943335906066,0.6155046986146614,1.7137009677947324,0.010587005158729929
192,77.5,45.31,27.22,27.47,44,10,0.32994240025632254,0.2983863895466105,0.8566973335412443,22.21795260498952,20.09300609976239,57.68904129524809,1.105755529793636,0.5251110654340773,0.6665385781496855,0.6027901829928717,1.7306712388574426,0.0105798490847867
193,102.0,46.79,25.09,28.13,43,10,0.340719596292062,0.27503727089362445,0.8772805239357555,22.82056687382374,18.421325047126917,58.75810807904934,1.2388124532541676,0.5533346267810526,0.6846170062147122,0.5526397514138075,1.7627432423714802,0.010485916306928548
194,131.0,46.29,25.45,28.26,42,10,0.33707865168539325,0.27898360080680523,0.881334788710432,22.510973536762798,18.63123761635994,58.85778884687727,1.2082382287366724,0.5471503087906882,0.6753292061028839,0.5589371284907981,1.765733665406318,0.010512281382671738
195,156.3,47.01,24.77,28.21,41,10,0.34232161191899624,0.2715294220819083,0.8797754561047872,22.91882302480943,18.17920503423144,58.90197194095913,1.2607164604642112,0.557662352847795,0.687564690744283,0.5453761510269431,1.7670591582287738,0.010465536166268743
196,178.1,46.03,25.88,28.1,40,10,0.33518536048992553,0.28369727264754885,0.8763449243723688,22.41701330385753,18.97351819277724,58.609468503365235,1.1814895411643342,0.5415976189066364,0.6725103991157259,0.5692055457833173,1.758284055100957,0.010533188679849483
197,204.4,45.81,26.08,28.11,39,10,0.3335833448629913,0.2858896781548715,0.8766567908934976,22.296417179930266,19.10861447292897,58.594968347140764,1.166825423764629,0.5384953540638238,0.668892515397908,0.573258434187869,1.7578490504142228,0.010543730352796769
198,227.7,45.26,26.78,27.96,38,10,0.3295783057956556,0.29356309743050074,0.8719787930765633,22.043599344766342,19.634748975798228,58.32165167943542,1.1226830234467098,0.5288981025644383,0.6613079803429902,0.5890424692739468,1.7496495503830625,0.010571171411341946
199,244.4,45.66,26.19,28.15,37,10,0.3324910614809906,0.287095501183899,0.8779042569780134,22.203212007688812,19.171770365334247,58.62501762697695,1.158120068443753,0.5366337514663342,0.6660963602306643,0.5751531109600274,1.7587505288093084,0.010549664132887267
200,254.2,45.01,26.53,28.46,36,10,0.32775783349232124,0.29082259054634746,0.8875721191330112,21.7612641547,19.30897317571357,58.929762669586424,1.1270026612326993,0.5298548430492078,0.652837924641,0.5792691952714071,1.7678928800875926,0.010568786566938087
201,256.2,45.64,26.5,27.86,35,10,0.3323454236967239,0.29049372972024906,0.8688601278652737,22.279653001578428,19.474014190751916,58.24633280766967,1.1440709030682996,0.5335975136974541,0.6683895900473528,0.5842204257225575,1.74738998423009,0.01055871108981881
202,259.1,45.03,27.32,27.66,34,10,0.32790347127658803,0.29948259230027185,0.8626227974426945,22.00681350661342,20.099383308052793,57.893803185333795,1.0948999364471255,0.5226502313537879,0.6602044051984025,0.6029814992415837,1.7368140955600138,0.010584835571834265
203,257.6,44.19,27.76,28.05,33,10,0.3217866843373845,0.3043058844163817,0.8747855917667239,21.439893843601002,20.27518904738086,58.28491710901814,1.0574448304032262,0.5139602359087238,0.6431968153080301,0.6082556714214258,1.7485475132705441,0.010598333312297979
204,255.7,43.88,27.92,28.2,32,10,0.3195292986812499,0.30605980882223977,0.8794635895836582,21.23043925967916,20.33548788122718,58.43407285909367,1.0440093389290235,0.5107654446804246,0.6369131777903747,0.6100646364368154,1.7530221857728099,0.010601684717894485
205,253.7,43.24,28.53,28.23,31,10,0.3148688895847139,0.31274664561957377,0.8803991891470452,20.879695967169923,20.738964982858548,58.38133904997152,1.0067858248677162,0.5016907197528574,0.6263908790150977,0.6221689494857564,1.7514401714991457,0.010606480440502107
206,250.0,44.0,27.28,28.72,30,10,0.3204031253868504,0.2990441111988073,0.895680648682364,21.146936077291723,19.737219155326105,59.11584476738218,1.0714242928991953,0.5172403821718313,0.6344080823187517,0.5921165746597832,1.7734753430214654,0.010593991283900293
207,253.5,43.75,27.92,28.34,29,10,0.31858265308351597,0.30605980882223977,0.8838297208794637,21.119557703430097,20.28939030596744,58.59105199060246,1.0409163304043931,0.5100240097535713,0.6335867311029029,0.6086817091790232,1.7577315597180736,0.01060233867970214
208,252.4,43.18,28.51,28.31,28,10,0.3144319762319136,0.3125274050688415,0.8828941213160767,20.82533011891218,20.6991873401743,58.47548254091352,1.0060940932928828,0.5015188951787599,0.6247599035673654,0.620975620205229,1.7542644762274056,0.010606503838271721
209,254.5,44.28,27.31,28.4,27,10,0.3224420543665849,0.2993729720249057,0.8857009200062373,21.38896474939941,19.858693550822455,58.75234169977814,1.0770579995436598,0.5185497948445806,0.6416689424819823,0.5957608065246737,1.7625702509933443,0.010592003008044703
210,247.4,42.56,28.68,28.75,26,10,0.30991720491964436,0.31439094975006576,0.8966162482457509,20.376897387244487,20.67104381699771,58.952058795757814,0.9857701220916891,0.4964170379667809,0.6113069216173346,0.6201313145099313,1.7685617638727344,0.010606057063839021
211,245.7,42.16,28.89,28.95,25,10,0.3070044492343093,0.31669297553275455,0.90285357866833,20.110985387544716,20.745653097738604,59.14336151471667,0.9694071954638502,0.49223299158076234,0.6033295616263414,0.6223695929321581,1.7743008454415001,0.010604042284567352
212,247.0,41.83,29.53,28.64,24,10,0.304601425793908,0.32370867315618695,0.8931857165133323,20.019866153961814,21.275686062770383,58.70444778326781,0.9409739406238896,0.4847947316188239,0.6005959846188544,0.6382705818831115,1.7611334334980342,0.01059679272461522
213,243.6,41.93,28.92,29.15,23,10,0.3053296147152417,0.31702183635885295,0.9090909090909091,19.937388612023526,20.700866360043467,59.36174502793301,0.9631185606079948,0.490606415696925,0.5981216583607057,0.6210259908013039,1.7808523508379903,0.010602858036006156
214,246.4,41.57,29.73,28.69,22,10,0.3027081345984402,0.3259010786635096,0.8947450491189772,19.871158145796134,21.39364996781132,58.73519188639255,0.9288344053349515,0.48155217615669543,0.596134744373884,0.6418094990343396,1.7620557565917765,0.010592163069480518
215,243.4,42.04,29.2,28.76,21,10,0.3061306225287089,0.3200912040691046,0.8969281147668798,20.09852176827881,21.015081665716583,58.88639656600459,0.9563856133410596,0.48885332565279477,0.6029556530483643,0.6304524499714974,1.7665918969801377,0.010601330306790353
216,243.4,42.79,28.47,28.74,20,10,0.311592039438712,0.312088923967377,0.8963043817246219,20.499673923626986,20.532364010426623,58.96796206594639,0.9984078751583093,0.499601651679449,0.6149902177088096,0.6159709203127987,1.7690388619783917,0.010606594985517232
217,241.0,40.58,30.5,28.92,19,10,0.2954990642772361,0.33434183986670174,0.9019179791049432,19.29148689841306,21.827315220627817,58.881197880959114,0.8838231685123471,0.4691646133698956,0.5787446069523917,0.6548194566188345,1.7664359364287734,0.010566261796278896
218,233.3,40.99,29.83,29.18,18,10,0.2984846388547045,0.3269972814171709,0.910026508654296,19.438814742517827,21.29570084130702,59.26548441617515,0.9128046495099418,0.47720746064884423,0.5831644422755348,0.6388710252392106,1.7779645324852544,0.010584561205789452
219,233.0,40.71,30.32,28.97,17,10,0.29644570987497,0.33236867491011135,0.9034773117105879,19.346558527526934,21.69095320885926,58.96248826361381,0.8919183191831882,0.47143595478702416,0.580396755825808,0.6507285962657777,1.768874647908414,0.010571985813921865
220,235.3,40.75,30.87,28.37,16,10,0.29673698544350346,0.3383977900552486,0.8847653204428505,19.523453300374335,22.26447586646185,58.21207083316382,0.8768880712697817,0.4672031777987356,0.58570359901123,0.6679342759938555,1.7463621249949146,0.010560966536162855
221,228.7,40.19,30.88,28.93,15,10,0.29265912748403444,0.3385074103306147,0.9022298456260721,19.085680039713502,22.07566249576334,58.83865746452316,0.8645575209068511,0.463679726268977,0.572570401191405,0.6622698748729001,1.7651597239356946,0.010550634402012489
222,223.7,40.74,30.31,28.95,14,10,0.2966641665513701,0.3322590546347452,0.90285357866833,19.367323397218193,21.691088066245527,58.94158853653628,0.8928700735559942,0.4717017221782294,0.5810197019165457,0.6507326419873658,1.7682476560960882,0.010572626968199529
223,221.0,40.76,30.27,28.96,13,10,0.2968098043356368,0.3318205735332807,0.903165445189459,19.376590526472892,21.662193390158833,58.961216083368285,0.8944888533437111,0.47215313606357057,0.5812977157941868,0.6498658017047649,1.7688364825010485,0.010573702252608832
224,221.5,40.04,31.49,28.47,12,10,0.2915668441020338,0.3451942471279488,0.8878839856541401,19.123588074537412,22.64095771282148,58.2354542126411,0.8446457220185437,0.4578904837587305,0.5737076422361224,0.6792287313846443,1.747063626379233,0.010531370731251955
225,218.5,40.2,31.49,28.32,11,10,0.29273194637616784,0.3451942471279488,0.8832059878372057,19.24434641294875,22.693244634635185,58.062408952416064,0.8480209296989373,0.4588805873735906,0.5773303923884625,0.6807973390390555,1.741872268572482,0.010534866890482442
226,213.0,39.95,31.49,28.56,10,10,0.29091147407283346,0.3451942471279488,0.8906907843443007,19.05371626253329,22.609054047101758,58.33722969036496,0.8427471676983219,0.45733195658683484,0.5716114878759987,0.6782716214130527,1.7501168907109486,0.010529361816676654
227,211.1,39.51,32.3,28.19,9,10,0.28770744281896493,0.3540734894326054,0.8791517230625293,18.91651427258942,23.28002414804375,57.80346157936683,0.8125642032110606,0.44829540480362395,0.5674954281776826,0.6984007244413125,1.7341038473810049,0.010493180439617207
228,210.3,38.94,32.78,28.27,8,10,0.28355676596736257,0.3593352626501798,0.8816466552315609,18.599512690058354,23.57009805372353,57.83038925621812,0.7891147778708566,0.44106436749124944,0.5579853807017506,0.7071029416117058,1.7349116776865434,0.010459237463701622
229,203.4,39.27,32.37,28.36,7,10,0.28595978940776395,0.3548408313601683,0.8844534539217216,18.748338008272405,23.264375243997847,57.98728674772974,0.8058818606405272,0.44625392070480707,0.5624501402481722,0.6979312573199354,1.7396186024318923,0.010484047057747099
230,179.9,39.22,32.9,27.88,6,10,0.2855956949470971,0.3606507059545733,0.8694838609075316,18.84211868978621,23.79385798658492,57.36402332362888,0.7918900205426744,0.44193003558491295,0.5652635606935863,0.7138157395975476,1.7209206997088662,0.010463534750111482
231,159.1,38.73,33.88,27.39,5,10,0.28202756923256167,0.37139349294045426,0.8542024013722128,18.706764391246878,24.634366731538503,56.65886887721463,0.759376711206352,0.43161689385195395,0.5612029317374063,0.739031001946155,1.699766066316439,0.010408205266334061
232,136.2,39.52,32.79,27.69,4,10,0.28778026171109833,0.3594448829255459,0.8635583970060815,19.04841122363467,23.791951197370693,57.15963757899464,0.8006241718308399,0.44463702329219573,0.57145233670904,0.7137585359211208,1.7147891273698392,0.010476562269521152
233,110.4,39.5,32.42,28.08,3,10,0.2876346239268316,0.35538893273699906,0.8757211913301107,18.938970772195816,23.40017525699564,57.660853970808546,0.8093516635749932,0.4473158423917671,0.5681691231658744,0.7020052577098692,1.7298256191242563,0.010488842114719671
234,91.1,39.05,32.82,28.13,2,10,0.28435777378082966,0.3597737437516443,0.8772805239357555,18.690385380834236,23.647357451203476,57.66225716796228,0.790379450194467,0.44145918347566926,0.5607115614250271,0.7094207235361043,1.7298677150388684,0.010461205267480567
